album	year	num	title	lyrics
The Dethalbum	2007	1	Murmaider	There are no fingerprints deep under water, nothing to tie one to a crime.\nAnd if you seek vengeance, all you need are instruments of pain.\nYou need your:\nKnives? Check.\nRope? Check.\nDagger? Check.\nChains? Check.\nLocks? Check.\nLaser Beams? Check.\nAcid? Check.\nBody Bag? Check.\nMurmaider\nBut beware!\nFor when you quench your blood thirst, others will seek their vengeance on you, and they won't rest until you're dead.\nThey'll have their:\nShiv? Check.\nPipe? Check.\nHammer? Check.\nAxe? Check.\nSubject? Check.\nLocation? Check.\nDesire? Check.\nVengeance? Check.\nHold your breath, swim and strain - the smell of death, can't escape.\nBlood will cloud and drift away, attract the murders of mermaids\nIt's so cold, they don't know what you've done, you can't run.\nVengeance is the law for thee, thousand leagues below the sea.\nYou've been tracked, you've been seen murdering the next of kin.\nIn their homes (you) drank their blood, wash your face in blackened blood.\nNow you swim, try to hide, heart beats faster from inside.\nThought it was a big charade, your life was ended by mermaids\nMermaider\nSwords? Check.\nSaws? Check.\nClubs? Check.\nClaws? Check.\nHatred? Check.\nAnger? Check.\nMermaid? Check.\nMurder? Check.\nMURDER! MURDER! MERMAID! MURDER!\nYour life was ended by mermaids.\n
The Dethalbum	2007	2	Go Into The Water	We call out to the beasts of the sea to come forth and join us, this night is yours\nBecause, one day we will all be with you in the black and deep\nOne day we will all go into the water\nGo into the water\nlive there die there\nlive there die\nWe reject our earthly fires\nGone are days of land empires\nLungs transform to take in water\nCloaked in scales we swim and swim on\nWe are alive, and we'll metamorphasize\nAnd we'll sink as we devolve back to beasts\nOur home is down here, and we've known this for years\nWe must conquer from the sea, we build an army with water steeds\nWe'll rise, from our depths down below\nRelease yourselves, drown with me\nWe will conquer land with water\nGone are days of land empires\nLungs transform to take in water\nCloaked in scales we swim and swim on\nWe swim on\nWe swim on\n
The Dethalbum	2007	3	Awaken	Mustakrakish,\nMustakrakish.\nThe time has come to awaken him\nI call upon the ancient lords of the underworld to bring forth this beast and,\nAwaken, awaken, awaken, awaken,\nTake the land that must be taken.\nAwaken, awaken, awaken, awaken,\nDevour worlds, smite, forsaken.\nRise up from your thousandth year of sleep,\nBring forth from your grave, eternally.\nI command you to rise, rise, rise, rise, rise, rise, rise\nI am the conjuror of demons,\nI'm the father of your death,\nI bring forth the ancient evil,\nI control his every breath,\nI instigate your misfortune,\nWith the birth of killing trolls,\nI awaken Armageddon,\nFeeding on a thousand souls,\nAwaken\nMustakrakish, Musta\nAwaken, awaken, awaken, awaken,\nTake the land that must be taken.\nAwaken, awaken, awaken, awaken,\nDevour worlds, smite, forsaken.\nRise up from your thousandth year of sleep,\nBring forth from your grave eternally.\nDrink will die and land will all be burned\nMustakrakish, king and gate to worlds\nI command you to rise, rise, rise, rise, rise, rise, rise and,\nAwaken.\n
The Dethalbum	2007	4	Bloodrocuted	You've been targeted in the night\nby violent mercenaries.\nYour identity's been confused\nwith one that looks like you\nYou're a simple man living life.\nYou are an electrician.\nBut there's a bounty on your head\nA billion unmarked travelers checks.\nRUN\nFind your way deep into the woods.\nThe dogs can smell your path.\nTry to find a way out of this.\nThere seems to be no chance.\nBounty hunters closer to you.\nStart to remember back.\nWhen you studied biology\nback in your high school class.\nWait now, what did they say\nabout the human body and proportions of things?\nBlood is an energy conductor.\nI am full of that all I need is an outlet.\nThey're getting closer\nbut now you have a plan.\nLead them to the generator\nwhere there's solid land.\nThe concrete floor will do just fine\nand electric outlets.\nOpen up your veins and splash the blood\nand hit the power lines.\nBloodrocuted\nBloodrocuted\nYou'll be bloodrocuted\nYou'll be bloodrocuted\nYou'll be bloodrocuted right now\nEnemies stand dead in your blood\nThe stench of cooking skin.\nAll of them with their hair on end\nTheir eyes exploded in.\nYou stand with your arms bleeding still\nYou cannot stop the flow.\nThough you are the victor tonight\nyour time has come to go.\ngo go go go go go\nYour time has come to go\ngo go go go go go\nYour time has come to go\nWait now, what did they say\nabout the human body and proportions of things?\nBlood is an energy conductor.\nI am full of that all I need is an outlet.\nBloodrocuted\n
The Dethalbum	2007	5	Go Forth And Die	Trapped inside a box\nFour long years\nHiding from the world\nPunished by your peers\nStudied teachers words\nStaff appointed hearts\nEarned a piece of paper\nNo go forth and start\nGo forth, be conquered, go forth and die\nGo forth, be conquered, go forth and die\nGo forth Be conquered\nGo Forth and Die\nNow you've graduated\nMind is mutilated\nThrust into the world\nFeeling segregated\nMove in with your parents\nBack into the dark\nLanded where you started\nBachelor of Arts\nThe learning starts now...\nOpen up your textbooks and turn to the\nChapter concerning your DETH\nNight sky\nBleeds red\nBlack birds\nBring DETH\nYou'll be eaten by the blackness\nOf your rotting mind that's dying\nYou're consumed with sharpened wings\nThat penetrate your frightened lying\nGo die\nGo die\nGo die go!\nNow you're sad and frightened\nWant to go and hide\nMaybe get your masters\nEight more years inside\nDream of your own murder\nStrangled by the IVY\nDrown in student loans\nBetter off just dying\nGo Die\nGo Die\nYou'll be eaten by the blackness\nOf your rotting mind that's dying\nYou're consumed with sharpened wings\nThat penetrate your frightened lying\nGo Forth Be conquered\nGo forth and die\nGo forth be conquered\nGo forth and die\nGo forth and die\nGo forth and die\nGo forth and die\nGo forth and die\n
The Dethalbum	2007	6	Fansong	You people out there give us something\nmore than just record sales\nYou give us something to hate\nAnd we hate you,\nyou brainless mutants\nHate\nYou hunched and blinded mutants\nliving in chat rooms\nYou masturbate on the sheets\nyour mothers clean for you\nYou have lined my pockets\noverflowed with gold\nYou're living with your parents\nand you're 35 years old\nYou're a bunch of banks\nthat I'd like to rob\nYou're my on-line cash transaction\nyou're my future stocks\nTransfer you like money\nto a Swiss account\nSpend you on an impulse\nBuy and zero you all out\nHate\nYou sad putrid losers\nComplaining on the couch\nThink you're fucking better than us?\nYou can't leave your house\nDeluded little maggots\nFold your arms and frown\nGo to work and make me money\nBefore I put you down\nHate\nI would like to get some sleep\nbut you keep buying all our things\nMy overhead is way too deep\nfor us to not make all these things\nIt's way too cynical, you see?\nHating what's supporting me\nI am not you, I thank the gods\nand if I were, I'd die like dogs\nDie\nYou're a credit card\nThat I will defile\nEvery time I max you out\nI get a thousand miles\nYou're a brand new car\nthat I do not need\nWrap you round a telephone pole\nShrug it off and leave\n(Just follow me\nDown the elevator\nThrough the gates\nDown the stairs\nJust keep on walking\nThrough the hallway\nNow open the door)\n
The Dethalbum	2007	7	Better Metal Snake	War has been declared\nWe are forced to fight\nTakes lives of my men\nMy Kingdom falls this night\nYou conquer with your serpent\nand it's scales of molten steel\nMETAL SNAKE\nCastles lay in ruin\nCarcasses ignite\nBretheren's heads on posts\nBut still I must fight\nI conjure with my fury\nA masterful decree\nI will build a beast\nThat will conquer you\nBuilt of metal gears\nSpears to run you through\nBETTER METAL SNAKE\nNow go seek devour\nInject your poison\nAnd take their lives away\nBETTER METAL SNAKE\nIt's gonna take your life tonight\nMechanical reptilian might\nShed its metal skin and destroy\nIt's such a better METAL SNAKE\n
The Dethalbum	2007	8	The Lost Vikings	Riding, and riding, we search across the land\nThe snow, and wind, has frozen the hearts of man\nBut we ride\nWe ride\nMany days ago we left our home\nWith swords to ride into the night\nFighting side by side to destroy our foes\nAnd leave them without life\nWe stop, consider the land that we travelled\nOur map's at home, direction unravelled\nBut we ride\nWe ride\nMany days ago we left our homes,\nWith swords to ride into the night\nFighting side by side to destroy our foes\nAnd leave them without life\nSo much time has passed since we left our land\nThat we've become concerned\nAnd we'll never find the battle\nThat we should have fought and won\nBut we won't stop searching\nLost but still we ride\nSearch until we die\nWe ride\nWe ride\nHungry and tired the frigid plain yields little\nWe trudge on further, eating pride and snow that's brittle\nWe ride\nWe ride\nWe come upon a witch who takes us in\nTo let us share her mighty fire\nShe asks of us our story and we lie and say\nWe ride around for hire\nShe asks us if we'd like to have her map\nAnd points us in some direction\nBut we are far too proud and strong so we keep silent\nAnd ignore her suggestion\nLost but still we ride\nSearch until we die\nAll the fault of pride\nThe gods weep in the night\nLost but still we ride\nSearch until we die\nAll the fault of pride\nThe gods weep in the night\nWe ride\nWe ride\n
The Dethalbum	2007	9	Thunderhorse	Ride...\nRide...\nRide...\nRide...\nThunder...\nThunder...\nThunder...\nThunder...\nThunderhorse...\nThunderhorse...\nThunderhorse...\nThunderhorse...\nRevenge...\nRevenge...\nRevenge...\nThunder...\nHorse...\nThunder...\nHorse...\nThunder...\nHorse...\nThunder...\nHorse...\nThunder, Thunder...\nThunder, Thunder, Thunder...\nThunder...\nThunder...\nHorse...\nThunderhorse...\nThunderhorse...\n
The Dethalbum	2007	10	Briefcase Full Of Guts	Punch your card 'cause your working day has started\nand you're pushing hard for employee of the month\nYou got your tools of business and\nThey're bloodied by your clients and\nYou're off to work with your\nBriefcase full of guts\nDoor to door you are searching for a buyer\nWho will take the terms of your policy\nYou got an invitation to their living room\nYou're gonna demonstrate your products privately\nYou know that\nI'm an employee\nI have a degree\nI'll fulfill your need\nI will make you bleed\nI'll rise to the top\nBest one on the team\nKill outside the box\nHold you as you scream\nI'll divide you into pieces\nSell them back and raise the price\nMake a profit all your interests\nYou'll increase my sales tonight\nI will increase\nProductivity\nI must increase\nProductivity\nA.B.K.\n(Always Be Killing)\nI'm an employee\nI have a degree\nI'll fulfill your need\nI will make you bleed\nI'll rise to the top\nBest one on the team\nKill outside the box\nHold you as you scream\n
The Dethalbum	2007	11	Birthday Dethday	Many years ago today something grew\ninside of your mother...\nThat thing was you\nYOU\nYOU YOU YOU YOU\nDid she scream did she cry\nOnly those that are born are the ones that\nGet to die\nOne more year closer to dying\nRotting organs ripping grinding\nBiological discordance\nBirthday equals self abhorrence\nYears keep passing aging always\nMutate into vapid slugs\nDoctor gives a new perscription\nBullet in a fucking gun\nOne more year closer to dying\nPlastic surgeons fuel the lying\nYou forget why you came in here\nYour mind rots with every New Year\nRSVP PLEASE\nFor the DETH of thee\nYou have little time\nAnd you're running out of life\nHappy Birthday\nYou're gonna die\nNow you're old and full of hatred\nTake a pill to masturbatred\nChildren point to you and scream\nBecause they will become that thing\nOne more year of further suffering\nThere's no point of fucking bluffing\nOpen up your DETHDAY present\nIt's a box of fucking nothing\nRSVP PLEASE\nFor the DETH of thee\nYou have little time\nAnd you're running out of life\nDIE DIE\nDETHDAY\nBIRTHDAY\nDETHDAY\nDIE DIE\nDETHDAY\nBIRTHDAY\nDETHDAY\nRSVP PLEASE\nFor the DETH of thee\nYou have little time\nAnd you're running out of life\nHappy Birthday\nYou're gonna die\n
The Dethalbum	2007	12	Hatredcopter	I fly a gigantic monster\nI am captain evil stomper\nI get to wear big black helmet\nI pilot the Hatredcopter\nI fly the beast made of steel\nThick knives that cut the night\nGas tank is filled with vengeance\nMachine guns shooting spite\nCan't find the thing that makes this thing take a hard turn right\nI follow where it leads me night bat with wings of might\nYou will most likely die by the hands of my arm\nWhen I come and fly and take off-a your face\nwith the front of my Hatredcopter\nI fly a gigantic monster\nI am captain evil stomper\nI get to wear big black helmet\nI pilot the Hatredcopter\nI fly the Hatredcopter\nI'm going to hunt you down\nI get paid lots of money\nfor all the bounties found\nCan't seem to find the button\nthat turns the radar on\nCan't work the hatredcopter\nThe hunt for you is on\nI am likely to find\nfor my failure to fly\nthat I will be fired\nfor not killing you\ncause that is my job\nHatredcopter\nYou will most likely die by the hands of my arm\nWhen I come and fly and take off-a your face\nwith the front of my Hatredcopter\nHatredcopter\n
The Dethalbum	2007	13	Castratikron	Born of evil in a fiery volcano\nOn a mutilated mission to inflict\nmerciless pain\nSacrifice your soul to the deity of DEATH\nShe's concocted your murder\nAnd you've lost all your defenses\nShe was summoned by the\nancient wizards\nTo carry demon children in the\npoisonous flood\nDay of her conception the prophecy\nwas written\nOn the scrotum of a wizard in his\ntesticle blood\nRun but you can't hide\nThe hunt is on\nYour life is gone\nCASTRATIKRON\nEyes they will go blind\nIf looked beyond\nYour life is gone\nCASTRATIKRON\nSharpened claws poisoned tip manicure\nPainted skin hiding the beast within\nDaggered heels designed to cut your face\nNo remorse crushing the human race\nSharpened claws poisoned tip manicure\nPainted skin hiding the beast within\nDaggered heels designed to cut your face\nNo remorse KILLING the human race.\n
The Dethalbum	2007	14	Face Fisted	I am be dangerous now\nNot me hurt when stairs fell down\nBe pushed by you me hit head\nMe nose broke\nSoon you be dead\nSoon you be dead\nSo strong, my face is\nYou punch, break fingers\nKick me, you're limping\nStab me, you're bleeding\nI am be dangerous now\nYou throwing rock at me\nHit eye and it no hurt me\nI'm strong\nYou're not\nYou're not\nI'm making time for fighting\nI'm clearing time for hitting\nWe'll meet and I will beat you\nOur schedules permitting\nI pick out fighting outfit\nDon't want my pants too tight\nNeed clothes to breathe to beat you\nYou'll be beaten down tonight\nI'm so fucking tough\nI'm so fucking tough\nThat's right\nI'm so fucking tough\nI'm so fucking tough\nThat's right\nI'm so fucking tough\nI'm so fucking tough\nThat's right\nI'm so fucking tough\nI'm so fucking tough\nThat's right\nYou're an ugly man\nYou're as dumb as sand\nYour mom's fucking fat\nYour mom blew a rat\nYou are a mistake\nYou have sex with cake\nYou think you're so tough\nYou're a living bluff\nI will put you down\nI will make you brown\nI will make you bleed\nI am filled with speed\nI cannot feel pain\nI might be insane\nI am victory\nI write history\nFeel my fist\nOn your face\nYou hate this\nI feel great\nOne two three four five six seven eight\nOne two three four five six seven eight\nSo strong, my face is\nYou punch, break fingers\nKick me, you're limping\nStab me, you're bleeding\nI am be furious now\nYou say the bad word at me\nYou pull a string and trip me\nI fall down\nYou run\nYou run\nI'm making time for fighting\nI think it's time to beat you\nI think it's good decision\nThat I destroy and teach you\nYou put on very fast shoes\nAnd try to run away\nI'm very strong and last though\nYou're going down today\nYou're so fucking weak\nI'm so fucking strong\nThat's right\nYou're so fucking weak\nI'm so fucking strong\nThat's right\nYou're so fucking weak\nI'm so fucking strong\nThat's right\nYou're so fucking weak\nI'm so fucking strong\nThat's right\n
The Dethalbum	2007	15	Dethharmonic	I want to keep my money\nAnd give away absolutely nothing\nTo the government who moderates my spending\nand obliterates depending on the time of the year\nbrutality is near\nin the form of income tax\nI'd rather take a fucking axe to my face,\nblow up this place\nwith you all in it,\nI'd do it in a minute\nif I could write off your murder\nI'd save all of my receipts\nbecause I'd rather you be dead\nthan lose a tiny shred of what I made this fiscal year\nI'd rather you be dead than ponder parting with my second home\nI'd rather you be dead than consider not opening a restaurant\nI'd rather you be dead\nI'd rather you be dead\nPrepare the laser beam\nI'm gonna use it tonight\nEngage the laser beam\nIt's gonna end your life\nI'm gonna use it tonight\nIf I could write off your murder\nI'd save all of my receipts\nBecause I'd rather you be dead\nThan lose a tiny shred of what I made this fiscal year\nI'd rather you be dead than ponder parting with my second home\nI'd rather you be dead than consider not opening a restaurant\nI'd rather you be dead now\nBe dead now\nBe dead now\nBe dead now\nBe dead now\nBe dead\n
The Dethalbum	2007	16	Deththeme	Doodily ding-dong tick-tock\nDethklok! Dethklok! Dethklok! Dethklok!\nI'll.. teach you.. who.. rock...\nDethklok! Dethklok! Dethklok! Dethklok!\nSkwisgaar Skwigelf taller than a tree,\nToki Wartooth not a bumblebee,\nWilliam Murderface Murderface Murderface,\nPickles the Drummer, doodily doo ding dong doodily doo,\nNathan Explosion!!!\n
The Dethalbum	2007	17	Duncan Hills Coffee Jingle	Do you folks like coffee?\nReal coffee,\nFrom the hills of Colombia?\nThe Duncan Hills will awake you,\nFrom a thousand deaths.\nA cup of blackened blood.\n(Die, DIE!)\nI'm dying for a cup.\nGuatemalan blend.\nEthiopian,\nFrench Vanilla Roast.\n(Die, DIE!)\nYou're dying for a cup.\nPrepare for ultimate flavor...\nYou're gonna get some, NOW!\nAnd scream, for your cream!\nDUNCAN HILLS\nDUNCAN HILLS\nDUNCAN HILLS\nCOFFEE!\n
The Dethalbum	2007	18	Blood Ocean	Time lies trapped inside\nDark minds concubines\nBlood Ocean\nCrickets cry shriek the night\nTrapped ticks rule the mind\nBlood Ocean\nThe land's coagulated\nAnd my mind's incarcerated\nBut my helmet's ventilated\nWith the souls of correlated\nThough my father's fascinated\nWith the premises negated\nAnd the night will be berated\nWith the souls of the deflated\nBleed bleed bleed bleed bleed bleed\nBleed bleed\nBlood Ocean\nBleed bleed bleed bleed bleed\nBleed bleed\nBlood Ocean\nThe land's coagulated\nAnd my mind's incarcerated\nBut my helmet's ventilated\nWith the souls correlated\nThough my father's fascinated\nWith the premises negated\nAnd the night will be berated\nWith the souls of the deflated\nYou are gonna lose your mind\nTonight in oceans of blood\nYou are gonna drown and\nDie tonight in oceans\nIn oceans\nIn oceans\nOf Blood\nCracked smile flees the fight\nDark Riders spared the sight\nBLOOD OCEAN\nTamed torch teels the tight\nMamed morch squeals the smite\nBLOOD OCEAN\nIdentity is slated\nAnd my pantry is deplated\nBut my hand husk has been crated\nFor my families all have fainted\nAnd they sink but are not sated\nAnd the screech of homeless hated\nAnd I know the nameless mated\nOn the tip of frigid fated\nI know who you are\nI know who you are\nYou are gonna lose your mind\nTonight in oceans of blood\nYou are gonna drown and\nDie tonight in oceans\nIn oceans\nIn oceans\nOf Blood\nOcean\nBlood Ocean\nBlood Ocean\nBlood Ocean\nBlood\n
The Dethalbum	2007	19	Murdertrain A Comin'	Here comes the soul-collecting train of murder coming\nIt longs to take your putrid blackened soul away from you\nYour face will leave your rotting head in the early morning\nYour guts will leave your corpse your spine will break and crack in two\nIt cannot be stopped the train is fueled by chopped\nbodies filled with sorrow there is no tomorrow\nTicket is your life ended by the knife\nCalled the Murder Train Eternity of Pain\nOh yeah you know what I'm talking about\nThere is no escape but death\nFor life is just a Murder Train a-Comin'\nNow play those blues\n
The Dethalbum	2007	20	Pickles Intro	
The Dethalbum	2007	21	Kill You	I don't want to have to kill you\nThey'll find out and I will feel blue\nLike to take all the skin off your face\nLike to smash all your brains with a vase\nWith I could be a fly in your head\nLay my eggs that will rise from the dead\nAh\nOh I don't wanna have to hide you\nIt's so cold that I'll get the flue\nNa\nI don't want to\nNa\nI don't want to have to eat you\nI won't fit into my swim suit\nYou've got so much flesh on top your bones\nYou could cause a bloody big cyclone\nGrab a lance smash it straight through your ribs\nSplash the blood onto my baby's bibs\nMake a mess dripping crimson and bone\nBreak your face with a stale ice cream cone\nI don't wanna have to\n
The Dethalbum	2007	22	Hatredy	Tragedy goes away\nHate filled rage\nTakes the stage\nBut you're neutered in the night\nBlinded by the bine\nIrony and spine\nSarcastic delight\nLive to die on stage\nDriven by the rage\nHating your own face\nComedic disgrace\nHATREDY\nHATREDY\nStand before the jury\nDie in flames of fury\nComedy is DETH\nHATREDY\nStep into the spotlight\nLaughter is a DETH-right\nCrash and burn in horror\nMake them squirm\nWant to leave\nAfter they buy their drinks\nI hate this audience\nRegardless of applaudience\nLike to take you away\nBurn in piles of hate\nI hate the talent here\nSo dull and so full of fear\nI'll beat you all to the punch\nWith an axe and a hack to the guts\nI'll take the microphone stand\nRun it through your neck\nCut off both your hands\nIs this thing even fucking on?\nAre you fucking deaf\nOr just too scared to run\nPlease take my wife\nPlease take my wife\nThen I'll take your life\nThen I'll fuck your wife\nJust a fucking joke\nNo it's kinda not\nThere's a little truth\nIn every single shot\nFueled by hate\nAwait your fate\nYour time has come\nTo DIE on stage\nIt's funny\nBecause it's not\nIt's funny\nBecause it's not\nIt's funny\nBecause it's not\nIt's funny\nBecause it's not\nBecause it's not\nBecause it's not\nFueled by hate\nAwait your fate\nYour time has come\nTo DIE on stage\nFueled by hate\nFueled by hate\nYour time has come\nTo DIE on stage\nDIE\nDIE\nDIE\n
The Dethalbum	2007	23	Dethklok Gets In Tune	
The Dethalbum II	2009	1	Bloodlines	I track my history\nBloody burned family tree\nNative blood runs in me\nMurderous tendencies\nKeep bloodlust away\nKeep violence at bay\nCan't deny genetics\nAnimal DNA\nDisappear into the fog\nGonna multiply the tainted blood\nCan't remember where you go at night\nYou got the bloody teeth and the wolven sight\nAncestor genocide\nWe were killed to save lives\nJust one beast did survive\nNow I live to take life\nKeep yourself from me\nCan't help what I be\nI am man and beast\nYour flesh I will eat\nFall right into homicide\nBecome the beast that lives inside\nSink your fangs into the skin\nDrink the blood so you may live\nKill until you find the one\nThat will carry tainted sons\nDeth brings life into the dark\nInfest the world and make your mark\nTonight\nGo perpetuate\nGo procreate\nInsure homicide\nKeep bloodlines alive\nOur children will regress\nAnd hunger for the flesh\nThey can't be controlled\nThey hunger for your soul\nTonight\n"Close your eyes and become the animals that you once were..."\nBloodlines\nI'll take your life\nI'll give you life\nBloodlines\nLife\nI'll take your life\nI'll give you life\nI'll take your life\n
The Dethalbum II	2009	2	The Gears	You're here because\nYou're one of us\nWe are the strength\nWe are the soldiers\nYou've journeyed far\nYou've battled hard\nAnd now you will receive the\nPermanent reward\nYou've conquered pain\nYou've conquered fear\nStand proud and salute\nThe bloodied flag here\nYou pledged your death and\nYour last breath\nYou are the gears\nYou are the gears\nWe fear not our mortality\nWe'll serve to the best of our ability\nWe give our lives to our masters\nWe vow to smite our enemies\nYou've mastered death\nYou've mastered fear\nYou are transformed\nYou are stronger\nNow that you're here\nA branded gear\nBurned in your flesh\nWe'll seal the deal\nYou've conquered fire\nYou've conquered ice\nYou've tasted blood\nYou've taken life\nYou're here because\nYou're one of us\nBecome a gear\nBecome a gear\nWe fear not our mortality\nWe'll serve to the best of our ability\nWe give our lives to our masters\nWe vow to smite our enemies\nWe bless your skin\nWe bless you with our mark\nBecome a part of the clock\nBecome a gear\nYou've conquered pain\nWe've conquered pain\nYou've conquered fear\nWe've conquered fear\nYou fear not your mortality\nBecome a gear\n(We are the gears)\nYou've conquered pain\nWe've conquered pain\nYou've conquered fear\nWe've conquered fear\nYou fear not your mortality\nYou are a gear\n(We are the gears)\nWe bless your skin\nWe bless you with our mark\nBecome a part of the clock\nBecome a gear\n(We fear not our mortality)\n
The Dethalbum II	2009	3	Burn The Earth	Putrid beast\nMutant with a bloody fist\nPuking acid in the night\nYou're diseased\nMedical experiments\nTook away your human life\nFor a fee\nJust a student with no money\nGrabbed a flyer\nPaid the price\nSharp injection\nBrain inspection\nPulsing anger\nMutant rancor\nSplattered blood\nDoctor laying on the floor\nLarynx bleeding in your hand\nBloody teeth\nFirst of many you'll be killing\nMake your way into the street\nFinally\nThe gasoline and dynamite\nWill light the sky\nFor the night the night\nSharp injection\nBrain inspection\nPulsing anger\nMutant rancor\nThere's nothing to save\nYou're my slave\nBurn the earth\nFor minimum wage\nBurn\nPour the gas\nLight the match burn\nDeth filled streets\nKilled with tusks\nOnce held life\nNow lie husks\nBurn\nBurn it away get fucking paid\nIncinerate organic hate\nDump all the waste poison this place\nBurn it away get fucking paid now\nSharp injection\nBrain inspection\nPulsing anger\nMutant rancor\nThere's nothing to save\nYou're my slave\nBurn the earth\nFor minimum wage\n
The Dethalbum II	2009	4	Laser Canon Deth Sentence	Fire\nFly hard into the night\nStrapped to a rocket ignited\nLast meal sits in your body\nGasoline turpentine gunpowder glycerin\nLast rites given to you\nGenuflecting with a torch\nPunishment outweighs the crime\nExplode into the desert sky\nSay your goodbyes\nThat was your life\nYou'll pay all your penance\nLaser cannon death sentence\nDie\nI'm a rocket\nA roman candle\nA fucking missile\nOn my way to hell\nI'm a martyr\nA saint of sinners\nAnd you will fear me in my death\nThere's no one that can make me\nRepent the things I've done\nEvil is my prime objective\nI explode and bestow your death\nI'm a rocket\nA fucking weapon\nOf mass destruction\nDestroy the planet\nMy lawyer fucked me\nI won't get pardoned\nThe devil waits with fear in his eyes\nSeethe blood blazing the sky\nStrapped to the mode of destruction\nCell-mates explode in front\nBarbecued bone fragments bloodied face\nBlistered skin\nLast moments near you now\nAs the countdown proceeds\nPunishment is your reward\nLaugh as they collect your life\nSay your goodbyes\nThat was your life\nYou'll pay all your penance\nLaser cannon death sentence\n
The Dethalbum II	2009	5	Black Fire Upon Us	Tonight we ride on clouds of fire\nWe're damned by gods our deaths conspired\nWe fear no mortals in these worlds\nThe gift we give you is your soul\nFly with us tonight\nThe sky\nWill wake\nBlack fire\nWill break\nFly on through the night\nWe built an alliance\nOur numbers are strong\nWe gather\nBut we don't pray to gods\nWhat fools what lunatics\nThey must think of us\nOn this night we will journey\nFar beyond this world\nAnd you must know that we will never\nCome back home again\nBut now we must fly\nBeasts in the night\nTragic in the sky\nBattlefield in sight\nStorm gathers strong\nCold blackened flame\nTell us our future\nStories of the slain\nFire grows strong\nFreezing our skin\nVision is clouded\nThe rain will begin\nDangerous creatures\nThose that opposed us\nRaped all their power\nBartered with warlocks\nCheated the demons\nFor ancient spells\nThe blackened fire\nWaits to consume us\nSo now we'll say goodbye\nBecause tonight we die\nSo we say goodbye\nSo we'll say goodbye\nWe die\nTonight we ride on clouds of fire\nWe're damned by gods our deaths conspired\nWe fear no mortals in these worlds\nThe gift we give you is your soul\n
The Dethalbum II	2009	6	Deth Support	Pull the plug\nPull the plug\nPull the plug\nPull the plug\nPull the plug\nPull the plug\nPull the plug\nPull the plug\nPull the plug\nI drove my truck into a moving van\nIt was all filled up with jet fuel and\nI crashed right in and explosion\nSmash through the window and ripped off my hands\nMedical team drove up and found me\nBleeding in pieces picked up off the street\nDrove me into a filthy hospital\nHorror experienced financially\nWoke up in pain in a gown in bed\nInternal hemorrhaging inside my head\nI really think that I should be dead\nI saw the bill and then I cry bled\nTo keep me alive it is costing me\nNational deficit times three\nThere is no way to avoid this fee\nPlease pull the plug and kill me\nIt's costing too much\nPull the plug plug\nAneurysm\nBotulism\nEpilepsy\nNarcolepsy\nPull the plug\nNearsighted\nBreath lighted\nCataracts\nHeart attacks\nPull the plug\nHepatitis\nBronchitis\nAppendicitis\nArthritis\nPull the plug\nEncephalitis\nAdenitus\nMastoiditus\nCapsulitus\nPull the plug\nPay you my life instead of life support\nHarvest my plasma because it's worth more\nTake all my blood and my organs\nSell them to buyers over in third worlds\nBurn my cadaver for some energy\nCharge the patients in their misery\nSuch a strong quarter for the industry\nPharmaceutical fucking victory\nCan't pay the price\nPull the plug\nPay with my life\nPull the plug\nSay my farewell\nPull the plug\nSee you in hell\nFucking pull the plug\n
The Dethalbum II	2009	7	The Cyborg Slayers	Punch it\nAccelerate\nSmoke screens\nInfiltrate\nKill the lights\nPlace the bait\nWait for signals\nDetonate\nGo\nMove\nGo\nNow\nConflagrate\nSeal the bridge\nTake the supports away\nTear it down\nLeave no trace\nWe'll move like ghosts this day\nOrders in\nMoving out\nSecret quarters\nOcean bound\nArctic ice\nFrozen home\nUFO\nCyborg chrome\nGo\nMove\nGo\nNow\nConflagrate\nSeal the bridge\nTake the supports away\nTear it down\nLeave no trace\nWe'll move like ghosts this day\nSensors heat\nInfrared fleet\nMechanized opponents\nThere is no retreat\nCrush\nSeize\nBurn\nKill\nLeave no one alive\nLet no one survive\nMortification\nWe annihilate\nElectro-degration\nWe're gonna mutilate\nLeave no one alive\nLet no one survive\nGet moving now\nAlright\nDivide and collide\nGo\nDivide collide\nCross us you're denied\nWe'll provide your insides\nTo your robotic eyes\nWe'll blow up your way home\nYour big ships made of chrome\nDivide collide\nLooks like your battery died\nConflagrate\nSeal the bridge\nTake the supports away\nTear it down\nLeave no trace\nWe'll move like ghosts this day\nSensors heat\nInfrared fleet\nMechanized opponents\nThere is no retreat\nCrush\nSeize\nBurn\nKill\nLeave no one alive\nLet no one survive\nMortification\nWe annihilate\nElectro-degration\nWe're gonna mutilate\nLeave no one alive\nLet no one survive\nMortification\nWe annihilate\nElectro-degration\nWe're gonna mutilate\nLeave no one alive\nLet no one survive\n
The Dethalbum II	2009	8	I Tamper With The Evidence At The Murder Site Of Odin	You investigate the murders\nAt the gates of gods\nI tamper with the evidence\nAt Odin's murder site\nI can swim through time\nI can't be killed\nI have no way to die\nYou will hunt through life\nThe physics of this world\nCan't stop my crime\nDraw your sword\nI'll meet you at the battle rock\nSpace with see me through\nI can't be killed\nI have no way to die\nSpheres within this range\nWill be my path my energy ignites\nParasite\nUltra-violent porthole\nFasten straps\nHelmet frigid wormhole\nDeth in you\nDeja vu\nMammoth view\nTime will twist your soul\nYou spin\nYour blood goes thin\nYour marrow burns\nYour veins begin to burst\nThe speed it hurts and hurts\nAnd strains your brain\nAs you spin forth through time\nYou meet yourself for one brief moment\nIn an eclipse and watch you die\nYour guts explode as your erode\nYou broke the code the riddles solved\nYou made the trip\nYou have evolved\nYou're the eclipse\nYou are a god\n
The Dethalbum II	2009	9	Murmaider II: The Water God	The gods watch over you\nAnd they consider what you've done\nBut now you've hidden away\nTo gain your strength\nDeep in a cave\nYour power is regained\nAnd your legacy has spread\nTo the deepest of the sea\nThe one that brought them vengeance\nThat fights for his belief\nHe can swim through water\nHe has poisoned teeth\nHis tentacles have murdered\nHis scream can kill the weak\nHe's got\nExplosives\nCheck\nCorrosives\nCheck\nA master at the art of murder\nMermaids weep the blackened tears\nSo you swim to a sunken ship\nInvited by a soul who bleeds from the lips\nThe prophet who beckons you wades in the dark\nSpeaks and ancient language this language is of sharks\nHe says you're the one that I decree\nThe one that can save us and set us free\nYou've gained the power of a deity\nYou have the strength to wake us from this sleep\nAnd so you swim on\nSwim on\nAnd so swim on\nSwim on\nKeep swimming now\nAnd the prophet gives you this warning\nIf this path is chosen you'll be met with strife\nFor you'll be seen as the enemy of the sacred\nAnd the gods will curse you\nFor the rest of your life\nAnd you say\nI get by just fine\nCheck\nI've known much worse life\nCheck\nI've conquered dark times\nCheck\nThey should fear my mind\nCheck\nSo now you know then go then\nSwim on through the cold then\nHarness your strength\nBecause one day you may be called\nTo meet the mighty gods\nDeep within the ocean\nAnd if you're not prepared\nYour soul will not be spared\nYour eyes have gone black\nYou'll never look back\nYou'll never stop swimming\nYou'll always be tracked\nYour life is transformed\nYour power has grown\nYour minions stretch for leagues\nFor a bloodied coral throne\nA crown of murdered foes\nWill sit upon your head\nThose that wish to challenge you\nWill wish that they were dead\nThe beasts of the sea will collect and submit\nPrey for your forgiveness and live as you permit\nAnd you'll say:\nI am the water god\nYou will bow to the water god\nYou will live for the water god\nAnd you will die for the water god\nLive for the water god\nDie for the water god\nAnd the deities loom nearer\nThey will find you...\n
The Dethalbum II	2009	10	Comet Song	Racing through time\nSouls prey lead blind\nInterstellar mutilation\nComets speed forth\nAnd bring death for earth\nTime for your next destination\nGalactic death\nHunts\nFlies\nPushes\nThrough time\nSpace\nDimensions\nIt's seeking blood\nFlesh\nSouls\nAs slaves\nTo take into\nHell\nIn outer space\nAdvance your place\nPay to gain grace\nYour salvation through defrayal\nYou will survive\nSo you think your\nBank receipts will tip the scale\nGalactic death\nHunts\nFlies\nPushes through\nTime\nSpace\nDimensions\nIt's seeking blood\nFlesh\nSouls\nAs slaves\nTo take into\nHell\nIn outer space\nYour time is coming tonight\nYou'll be killed at the speed of light\nDestiny you can't fight\nCrushed by comets\nTransmogrified\nDeth will bring you new life\nA slave forever on the planet of hell\nEighty thousand years since the comet took flight\nYour destiny is pain forever\nThe earthquakes\nThe clouded sky breathes fire\nLava sprays onto the seas\nThe oceans boil\nThe deserts freeze\nMasses flee into the streets\nMeteors fly with a magnetized heat\nCrush and take human deceivers\nFry the souls of the non-believers\nSmashing killing devouring all\nNo one is saved the chosen fall\nRun with the hordes trample the weak\nCrush the skulls of those that can't speak\nSweating bleeding your eyes go wide\nThe earth is ending it's about to collide\nThe clouds part the world goes black\nThe comet speeds forth for its final attack\n
The Dethalbum II	2009	11	Symmetry	Symmetry\nCarbon calcium blood\nFind your own disease\nExcellent breeding left you without one\nTry to be at ease\nThey're staring daggers at you\nBut you'll get your piece\nYou'll take them down one by one\nWalk\nSymmetry\nYour infrastructure is planned\nTime to cut designs\nEvery thread's in place this time\nNow you understand\nThe competition is stiff\nGot the upper hand\nReady to strut your stuff\nWalk\nI would kill to have your face\nI would kill to have your body\nI would kill to have your skull\nI would kill to have your skin\nBreathless you pose burning with spite\nBeauty is so crude contrite\nVenom you bleed bile within\nKnowing their fate architect sin\nTwist and maneuver you've practiced your part\nStarving and hacking you've created art\nPainfully limping now this is your life\nTake them all down and raise up your knife\nBreathless you pose burning with spite\nBeauty is so crude contrite\nVenom you bleed bile within\nKnowing their fate architect sin\nNow walk\n
The Dethalbum II	2009	12	Volcano	We climb molten rock\nSweating bleeding we can't stop\nDream demons whisper spells\nTo punish the dwellers in earthly hell\nStarved still we reach the top\nClose our eyes look toward the gods\nSummon fire from the earth\nIncite the flames we fear not death\nMagma heats\nWe fear not death\nDarkened hills\nWe fear not death\nMolten rock\nWe fear not death\nVolcanic kills\nWe fear not death\nMantle crust ignites\nBleeding heated birth\nWill we die tonight?\nPunished by the earth\nHighland fires\nRun for shelter\nIncantations\nHelp no better\nFrozen human\nWhile they're fleeing\nHorrid sculpture\nForever screaming\nMantle crust ignites\nBleeding heated birth\nWill we die tonight?\nPunished by the earth\nCome and take us\nWe mock your anger\nWe laugh at your power\nWe fear not death\nWe fear not death\nWe challenge your fury\nWe'll dive in to lava\nAnd burn like we're cinders\nWe fear not death\nWe fear not death\n
Dethalbum III	2012	1	I Ejaculate Fire	I ejaculate fire!\nA venomous fluid, cantankerous druid\nIt kills when I breed, with my death seed\nCHECKMATE, the world dies when I procreate\nA bloody mess, bubbles with heat\nFear the splattering acidic de-mattering\nIT BURNS! I'm fried to my loins.\nTesticular propane, TANKS EXPLODIIIIIIING!\nI perpetuate bile\nA build up congestion\nEpidermal retention\nMy seaman is flames\nFlagellum is pain\nFuck Fate\nEarth's crushed from atomic weight\nWith a hardened thrust\nDeep in the core\nA seismic tunneling\nA rhythmic pummeling\nIncinerate\nThe molten rock\nA rancid genetic\nCannon Fire!\nMurdering, knew, nothing, OUTCAST!\nChoke on gas, kill my sperm!\nFate wont lead fast enough\nCome coagulating blackness\nWhen can I re-decorate\nSave for me the glorious DETHTHREATS!\nGasoline pumps through my heart\nPoison coursing somewhere\nDown in that place\nI feel the anger pulse again\nIts been building!\nIts been building!\nExplode!\nFound my mission!\nDeath ambition!\nExploitation!\nExplode!\nShort edition!\nNew tradition!\nExtradition!\nExplode!\nFucking fear is contagious!\nGo spread my flames so fellatious!\nFucking fear is contagious!\nExplode!\n
Dethalbum III	2012	2	Crush The Industry	The drones keep moving\nPush rocks up the mountain\nThe ice will slow you\nYou wither and fray\nProtect your lifeblood\nThe power feeds you\nA slight sink in the structure\nAnd it all goes away\nCrush the industry\nNo security\nCapital is worthless now\nYour life I inside trade\nModernize\nDesensitize\nRe-colonize\nDownsize\nWatch it fall\nBefore your eyes\nThe numbers drop\nYour money dies\nEmptiness\nWhere there once was\nThere's nothing\nBorrowing\nFrom Government\nThere's nothing\nCommodities\nThe Dying Swine\nThe foul\nChemical waste\nHarvesting\nThe rotting mouths\nThe molten gold is\nPoisoned trash\nCrush the industry\nNo security\nCapital is worthless now\nYour life I inside trade\n
Dethalbum III	2012	3	Andromeda	Walking bleeding lurching seething\nDying from the dawn of time\nFester weakling cursed like a demon\nTo walk this earth alive\nChaste and cast out waiting to blast\nOut a life lived patronized\nLiberation blackened evasion\nScythe and medea punishment is near\nPistillate artifice\nOphidian sacrifice\nWidow maker\nVindicator\nBring us the heads of the demon daughters\nThe vessels of sickness\nA planets disease\nThe sirens they sing to us\nA horrid fable\nThe snakes of Medusa\nWill strange your soul\nI see you I curse you to be my heart\nI hate you I am you doomed to this Earth\nDrowned in Andromeda's piss the\nSerpent slain dies forever\nBleed on the floor like a bitch the\nBloody rift leaks deth\nHow can you still be alive?\nHow can you still be alive?\nPistillate artifice\nOphidian sacrifice\nWidow maker\nVindicator\nUterine magistrate\nSinister aggregate\nContrive conclusion\nDeth diffusion\nSycthe and Medea punishment is near\nHades beheaded nothing regretted\nDrowned in Andromeda's piss the\nSerpent slain dies forever\nBleed on the floor like a bitch the\nBloody rift leaks deth\nHow can you still be alive?\nHow can you still be alive?\n
Dethalbum III	2012	4	The Galaxy	Darkness (darkness)\nThe end of days\nPlanets (planets)\nKinetic haze\nArrive (arrive)\nThe last dimension\nReject (reject)\nthe apprehension\nNo matter\nWe don't look back\nThe storm\nElectric black\nThis war\nIs formed in vengeance\nThe story (the story)\nHas been predicted\nWe are the dark and the light\nWe have the power of time\nWe are the serpents intertwined\nThe galaxy will unite\nPerfect liars\nPromising us\nCan't stop the beast\nGot no other choice\nUnforgiving soulless nature\nNot gonna tame us gonna beat him\nNot gonna stop reaping\nThe price is deth\nWe make the pact\nwe took our first breath\nfearless\nthis is our quest\nthat leads me on\nman the star-gates!\nStar-gates!!!\nGO!!!\nWe are the dark and the light\nWe have the power of time\nWe are the serpents intertwined\nThe galaxy will unite\nThis is the beginning\nThis is the beginning\nThis is the beginning\nThis is the beginning\nThis is the beginning\nThis is the beginning\nThis is the beginning\nIts all starting NOW!\nThis is the beginning\nThis is the beginning\nThis is the beginning\nThis is the beginning\nThis is the beginning\nThis is the beginning\nThis is the beginning\nIts all starting NOW!!!!\nIts all starting now!!!\nIts all starting now!!!\nIts all starting now!!!\nIts all starting now!\n
Dethalbum III	2012	5	Starved	Archaic disgustion\nGourmalic repulsion\nTremendous reaction\nAbhorrent transaction\nStarve\nFurry\nWince\nBile!\nBreathe\nRotten!\nBitch\nRecoil\nRepugnant\nSensation\nSo tense your\nColoration\nYour tactics\nDon't stand firm\nMy psyche no fear\nStarve\nYou want to see me grovel\nStarve\nLets see you bleed\nWe'd rather starve!\nWe take no responsibility\nWe conquered\nWe are evil\nArchaic\nDisgustion\nGourmalic\nRepulsion\nTremendous\nReaction\nAbhorrent\nTransaction\nWe take no responsibility\nWe take no responsibility\nWe take no responsibility\nStarve\nYou want to see me grovel\nStarve\nLets see you bleed\nWe'd rather starve\nYou want to see me grovel\nStarve\nLets see you bleed\nWe'd rather starve\nWe take no responsibility\nWe conquered\nWe are evil\nArchaic\nDisgustion\nGourmalic\nRepulsion\nTremendous\nReaction\nAbhorrent\nTransaction\nWe take no responsibility!!!\n
Dethalbum III	2012	6	Killstardo Abominate	Nightmare leave us\nBanished from earth\nTortured monster\nThe beast is no longer amongst us\nThe beast is on his way to hell\nBastard villain\nMercenary\nSoldier of pain\nBanish abomination\nWe slaughter the whores\nWe use their poisoned blood to enchant him\nDemon\nSerpent\nLeviathan\nTake him\nBlackened\nExorcist\nVortex\nBe gone\nWe cast you down\nWe take your soul\nWe eat your flesh\nWe are our DETH\nBanish abomination\nIncantations will be sung\nGive the gift of flesh\nFor your exit\nDemonic wizard\nYour price is pain\nTake away this beast\nIn the moonlight\nFuck you\n
Dethalbum III	2012	7	Ghostqueen	Mourning matron\nThe harpy's breast\nThe scowling raven\nYou'll die unblessed\nIts patronizing\nYou are obsessed\nThe demon rising\nThe ghost possessed\nGo hide\nIt's all you ever do\nresign\nThe sickness is yours, too\nShameful murder\nso pestilent\nthe crouching coward\nmalevolent\nso disappointing\nyour legacy\nThe feeble leper\nthe entity\ngo hide\nIts all you ever do\nresign\nThe sickness is yours, too\npass your shame on\nthrough the years\npay the toll\nin bloody tears\nit'll find you\nit's gonna find you\nkeep the poisoned\nhate-filled fear\nspread the pain,\nit's so severe\nIts gonna take you\nIt's gonna take\nIts gonna take you\nGonna Take you!!!\nComply\nAnothers come to preach\ndefy but pay your final fees\npass your shame on\nthrough the years\npay the toll\nin bloody tears\nit's gonna find you\nit's gonna find you\nkeep the poisoned\nhate-filled fear\nspread the pain,\nit's so severe\nIts gonna take you\nIt's gonna take you\nSuffocate\nMake yourself a good check\nThe banks gonna blow\nSo you can't fucking take it\nThis is a war!\nThis is a war!\nThis is a war!\nThis is a war!\nIts gonna take you!!!\nIts gonna take you!!!\n
Dethalbum III	2012	8	Impeach God	I'm having my cabinet\nSchedule a debate\nThe world will be our witness\nJudged in eyes of hate\nI challenge the gods\nTo stand their ground\nTaste my word sword\nIn your filthy mouth\nImpeach God\nNow\nIf we unite\nWe'll take them down\nWe'll use our strength\nWe'll use our skill\nWe will revolt\nAnd we will kill\nI've gathered my congregates\nHere to kill your cause\nThe worst of you is venomous\nWe'll die to crush your laws\nI've raised the capital\nTo take you down\nFinal word is your negation\nLegacy renown\nImpeach God\nNow\nIf we unite\nWe'll take them down\nWe'll use our strength\nWe'll use our skill\nWe will revolt\nAnd we will kill\nImpeach God!\nWe'll cause a storm\nWe will unite\nWe'll crush the houses\nTonight\nThe times come for a dark mutation\nA closed whispered\nConversation\nA planet's worth of blinded trusters\nBorn of blackened cosmic clusters\nWe can't support your industry\nAborted evil ministry\nDon't you know there's blood on your hands\nIt's time we take our final stand\nDeport the hatred\nRevoke the patrons\nA black gestation\nThe dead donation\nRefuse creation\nDeny divination\nA soul castration\nFor the dying nation\nWe will stand up and fight\nAnarchy's ruling tonight\nForcing the book to the flame\nThe paper so earthly defamed\nVerdict will rule in our strength\nYour prince we will now desecrate\nThe polls are showing your downfall\nWe're taking it back\nWe're taking it back\nWe are the GODS\nWe are the GODS\n
Dethalbum III	2012	9	Biological Warfare	You're dying\nEvery single moment passing\nDecaying\nSpend your life ignoring it\nSuffocation\nSlowly choking takes a lifetime\nReplication\nBefore your rotting innards quit\nYears passing and you're left behind\nBetter find a faceless soul to blind\nPunish them all for your lot in life\nSet the trap and sharpen the knife\nIt's biological warfare\nOh no\nLocked in targeted\nTricked me into your submission\nFlipped the tables turned it over\nChanged it into my remission\nUsed my brain against itself\nEat itself away\nBiological ticking time bomb\nBirth my own disgrace\nI'd rather die\nBe the last of my kind\nI gotta pull out\nI'm saving my life\nYou built a bomb\nMade of flesh and piss\nDon't get what you want\nThere's blood on your list\nIt's biological warfare\nYou've awakened the psycho\nIt's the DETH of your mind\nIt's biological warfare\nYou're collecting your losings\nThe mistake of your life\nIt's biological warfare\nAnd you're stuck with the devil's child\nIt's biological warfare\nDraw the curtains and kiss your ass\nGoodbye\nLike an insect\nYou're entangled\nYou're the one that wanted this\nDETHLY cycle\nYou live like a ghost now\nYour voiced silenced\nHaunting your domain\nLeave this nightmare now\nSword sheathed it's\nThe time for action\nNo witness yet the raven sees you\nKeep moving of goliath meets you\nThe evil burns and your ending greets you\nThe behemoth\nDemon savage\nShadows growing\nWolven magic\nRabid gorgon\nFled the cage\nThe unholy\nNow enraged\nShe's gonna hunt you down\nThat's right\nKeep going now\nShe almost gotcha\nNow run\n
Dethalbum III	2012	10	Skyhunter	Hard charged and convinced it's contagious\nPut away in a box like a beast\nSweat salt watch my back\nLike a crime boss\nMy life's blood siphoned out of me\nTake my power and trade it away\nNow I live in Kryptonite\nDo what I must to have it again\nAnd I'll explode the planet tonight\nI'm on the inside separated by concrete\nThe wretched filth being\nSlashed and shivved\nMeet a man who can find a way out\nI'll promise everything\nSo that I can live\nDeep in a coffin they will carry me\nNext to a corpse to be buried alive\nAwait my savior in a waking nightmare\nThe shovel scraping is my blackened new life\nI am deception\nI'm the curse haunting you\nAnd you're tracking me down\nAnd the hounds are on the loose\nI am a shadow\nEvading all your moves\nNow you're hunting the demon\nDETH to his pursuit\nI must dig myself out of this coffin\nI must dig myself out of this earth\nI will bathe my body in a pool of blood\nI will drink the liquid and I will be\nReborn\nReborn\nReborn\nI am deception\nI'm the curse haunting you\nAnd you're tracking me down\nAnd the hounds are on the loose\nI am a shadow\nEvading all your moves\nNow you're hunting the demon\nDETH to his pursuit\nThe giant has awaken\nYou drink my blood and drown\nWrath and raving I will not stop\nYou'll never take me down\nYou'll never take me down\nYou'll never take me down\nI'm alive\n
Dethalbum III	2012	11	The Hammer	I was born from liquid hatred\nAn exoskeleton of steel\nMy nerves are cauterized\nI feel no pain\nI am your nightmare and\nIt's far too real\nI am the hammer\nI'll bring it down\nSo vile\nI am the jury\nI blast\nI am the hangman\nI strike\nThe despicable\nI am the presence\nThat you will not enchant\nYour final sight if you cross my path\nI am the demon lord so lower your glance\nA razor front and a blade in back\nI am the hammer\nHammer\nBeat it down\nCrush the granite\nI'm the beast\nI'm the planet\nI consume\nVirgin blood\nI'm the thunder\nI'm the flood\nI am the Kaiser\nI bring forth the raze\nUnqualified mutants\nKindling the blaze\nApocalypse fury\nSeared with spiteful flame\nI'm a killing device\nAnd you'll die if you think my name\nI'm the hammer\nI am the hammer\nI'll bring it down\nSo vile\nI am the jury\nI blast\nI am the hangman\nI strike\nThe despicable\nYou'll taste my power\nI'm the darkest creation\nRespect the wicked\nFor my final destination\nI will burn the castle down\nPlay the violin in your blood\nAs you scream and drown\nI'll breathe fire through your lungs\nAll will die and know I am the one\nI am the Kaiser\nI bring forth the raze\nUnqualified mutants\nKindling the blaze\nApocalypse fury\nSeared with spiteful flame\nI'm a killing device\nAnd you'll die if you think my name\nI'm the hammer\n
Dethalbum III	2012	12	Rejoin	Blind men escape from the sky\nCondemned the Klok counts down\nThe ghost that's still alive\nInfests your mind with fog\nVenom spearing\nSpells adhering\nSweating fearing\nMadness takes you down\nDown\nMan dies he was stricken\nWith a scepter\nIn his hands clutching ancient script\nForetold of world's destruction\nBlackened acid leaking from his lips\nNight raven casts alarming shadows\nDwellers hide fearing ending times\nA sharpened trident blessed by elder\nWizards\nNot enough to quell the DETH\nTonight\nBlack cloud\nCountdown\nOceans blood\nBeasts drown\nLights dim\nMoon dies\nEarth's heart\nLeaks life\nThey bow\nSpare us of our sins\nSpare us of our sins\nSpare us of our sins\nToo late now\nThe end it must begin\nThe story it has been\nAlive within your skin\nBargain\nSacrifice our tribe\nOne will give their life\nThe youngest virgin soul\nDeny\nThe frenzied panicking\nSlaying our own king\nAnarchistically\nChaos\nThe screaming coward filth\nThe family blood is spilled\nToo scared to know the guilt\nFarewell\nThe ending must arrive\nThe locusts come to thrive\nNo one will survive\nFire streams sear through the night\nThe demons bastard's rabid\nThe outstretched wings will dive\nEntrap the weakened souls\nClimbing through the sky\nThe warriors are charging\nThe last sight known to man\nWhile the planet burns\nVenom spearing\nSpells adhering\nSweating fearing\nMadness takes you down\nRejoin\nIt's darker\nThis time\nConclude it all\nRejoin\nIt's darker\nThis time\nConclude it all\n
The Doomstar Requiem  A Klok Opera	2013	1	The Birth / Fata Sidus Oritur / One Of Us Must Die	Fata Sidus Oritur\nFata Sidus Oritur\nFata Sidus Oritur\nFata Sidus Oritur\nDethklok has disbanded\nOne of them was taken\nWe look to the skies to watch a new star awaken...\nOh, the Doomstar has brought all the dethly light\nAnd the star will turn to blood on this prophet's night\nAnd the Prophecy has warned us that one of us must die...\nBefore this is all over... one of us must die!\nDoomSTAR!\nDoomSTAR!\nThere was a time when the five of them were just a band, but that was yesterday!\nSo, innocent of this church and all these prophecies, but then they took him away!\nThe times have changed\nThe air's begun to taste of metal\nThe whales they chant\nA constant warning\nThey keep singing\nAnd repeating\nOne of Us Must Die!\nOne of Us Must DIE!\n(Klokkateers)\nBow before the Doomstar, Klok keeps ticking further!\nLife on Earth will be eclipsed\nThe looming Metalocalypse!\nOne of you must die!\nOne of you must die!\nDethklok, they must be rejoined\nEvil, it must be destroyed\nNo more apathetic stories\nThey can't learn to be heroic\nLight and soul, that will be our salvation...\n
The Doomstar Requiem  A Klok Opera	2013	2	Magnus And The Assassin	Welcome to your resting place!\nPlease enjoy your stay!\nI'll be your ambassador\nOf sorrow and decay!\nIt takes patience; we are alike!\nYou have the strength, but the cunning's all mine!\nI am the brains, you are the power!\nThe legacy of Dethklok will be devoured!\nI WILL TAKE THEM!\nI WILL BREAK THEM!\nI WILL CLAW AT THEIR FLESH AND FORSAKE THEM!\nSEEK REVENGEANCE\nFOR MY BROTHER!\nI WON'T STOP UNTIL I'M SATISFIED!\nI'm not a terrible person!\nI'm just a man filled with pain!\nCast out by the Klok to live in obscurity!\nI will pay them back the same way!\nI'm no murderer, I'm just a man!\nI'm the judge and jury, and your case is in my hands!\nYou should be on my side, so should she!\nWhen Dethklok is imprisoned, the world will thank me!\nWhoa!\nYou are my bait!\nThey will come for you!\nThey'll be trapped!\nWhoa!\nI've been so patient!\nMy reward is owed!\nWhoa!\nMy apologies!\nYou're just like me\nA victim of the band!\nWhoa!\nI see it all to clearly!\nThey will live just like me\nIn obscurity!\nWhoa!\nYou're scarin's me!\nWhoa!\nWhoa!\nYou're scarin's me!\nPlease don't hurts us\nWe ain't dones nothing wrong, my friend!\nWhoa!\nWhoa!\nYou're scarin's me!\n
The Doomstar Requiem  A Klok Opera	2013	3	Partying Around The World	I feel this feeling and I think I'm unhappy\nSince whats-his-face and whats-her-name have been missing\nThe mood around here's been crappy\nBut as bad as it gets, our duty is knowing\nThat we have a job to keep this party GOING!\nSnortin' coke!\nSniffin' glue!\nSmokin' pots!\nIt's what we do!\nDrinkin' beer!\nDrinkin' wine!\nAnd champagnes!\nSo divine!\nPartying around the world!\nPartying around the world!\nPartying around the world!\nCrystals meth!\nMy name is Skwisgaar, let's go to a Swiss bar\nDrink some brewskies, hang out with some floozies\nThen we'll gets slurpees, maybe gets herpes\nKeeps the partys goings! Keeps the partys goings!\nOh, no, no, we don't miss people\nOh, we can hardly tell that they're gone!\nIf you think bad thoughts, push 'em away!\nWith certains peoples missing and the rumors goings round,\nOur records sell better every days!\nAnd the--\nAbigail, I knew when I met you\nYou would have that look in your eye\nYou're sucking on an apple pie in the sky\nUh, you're also gonna suck my dick\nOh yeah, well--\nKeep the party going!\nKeep the party going!\nKeep the party going!\nKeep the party going!\nKeep the party going!\nKeep the party going!\nKeep the party going!\nKeep the party going!\nMy turn!\nMy name is Pickles, I like Don Rickles\nHanging out with Kony, playing with a pony\nShooting wolves with Palin, never ever failin'\nSnorting coke off tits, I'm the one that plays the hits\nOh my God!\nWhere's Toki?\nWhere's Toki?\nWhere's Toki?\nNO COMMENT!\nMy name is Nathan, the doobies are a-blazin'\nPissing in an old cave, jacking off on Bozo's grave\nCrapping in a lunch bag, give it to an old hag\nKeep the party going, ya know what I mean?\nPartying around the world!\nPartying around the world!\nPartying around the world!\nPartying around!\nPartying around the world!\nPartying around the world!\nPartying around the world!\nPartying around!\nOh, no, no, we don't miss people!\nOh, we hardly notice that they're gone!\nWhere's Toki?\n
The Doomstar Requiem  A Klok Opera	2013	4	Tracking / Ishnifus And The Challenge	We're searching\nWe're trying\nSo much time has passed since Toki was taken\nThey've left no trace of him, of this I'm not mistaken\nThis man, his abductor with the silver face\nA freakish, deadly demon; a bastard, a disgrace\nBorn and left alone, never knew his mother\nWho was killed during birth, but left him a brother\nTogether, they were trained to kill those who crossed his path\nHis brother died in Mordhaus and now he blames the band, so\nWe have our best men on it\nWhat else are we supposed to do?\nWe're trained to ex-filtrate him\nThey are so good, what can we do?\nWe have our best men on it\nWhat else are we supposed to do?\nWe're trained to ex-filtrate him\nWe know we must save his life\nWe must track him\nWe must find him\nWe must rescue him\nWe are running out of time\nToki; if we don't hurry up, he just might die!\nWord from the field, information for thee\nThat we've hired the best man to find the abductee\nHe is the best tracker that is known around\nAnd has exceptional equipment, both sight and sound\nHe was raised by wolves, he can kill with his teeth\nHe can blend into shadows, he can hide in a tree\nIf he cannot find Toki, then nobody can\nI'm telling you sire, this is our man!\nThat's good. Where is he?\nHe's dead\nOh. Throw him in the garbage\nDon't throw him away, there's more we can do\nThe dead can sometimes talk and offer us a clue\nSire, there's a drive hid within this dead man's torso\nWe can play this video on the main computer console\nI see what you're doing, and you're trying to kill me!\nBut I won't let that happen, 'cause I still got Toki!\nIf you send another man, we will kill her and he!\nI'll be waiting here for Dethklok in the depths of humanity!\nWe have our best men on it\nWhat else are we supposed to do?\nWe're trained to ex-filtrate him\nThey are so good, what can we do?\nWe have our best men on it\nWhat else are we supposed to do?\nWe're trained to ex-filtrate him\nWe know we must save his life\nToki; If we don't hurry up, he just might die!\nWe must call of the search\nThey have the upper hand\nI've failed at my work\nAnd I've failed this band\nYou mustn't worry, my friend\nFor you see, there's an answer\nI know what we have to do\nAlright, let's hear it\nGentlemen, I must speak to you\nOn behalf of the Church of the Black Klok\nMy words will never be as weighty\nAs they are right now, this is a challenge for you\nI already don't like the sound of this\nMany years from now, you'll know this\nMoment was the one that proved your spirit\nYou must go in alone and save your brother\nYou mean coworker\nI mean brother\nYou means rhythms-guitarist\nI mean brother\nNot brother, band-mate\nI mean brother\nGuy, stop syaing 'brother'. You're grossing us out, thank you\nYou must be heroes\nI await your decision\n
The Doomstar Requiem  A Klok Opera	2013	5	How Can I Be A Hero?	What is a hero?\nWho am I?\nI'm a simple multi-platinum rockstar\nLiving a simple multi-platinum life\nI don't know 'bout that crazy world\nJust driving this A-list mile\nI'm just a filthy rich economic power\nAnd all that I need, I buy\nOh, how can I be a hero\nWhen I'm just a krillionare?\nThere ain't no groupie blowjob\nThat can help me to prepare\nHow can I be a hero\nWhen I'm just a man that is larger than life?\nI'm just a tiny little minuscule superstar trying to get by\nMaybe if we threw this life away\nWe could learn to live a different way\nOh, I'll go back to school and get myself a degree\nIn something fucking useless like psychology\nI could gets myself a wifes and leads a different lifes\nAnd hides out in the bathroom and jack offs every nights\nStart driving a hybrid, brag that I'm saving the planet\nQuotes SNL's at works all days and acts like it's adlibs\nBut if that's the life of a regular jackoff\nI'll probably just kill myself\nYeah!\nHow can I be a hero\nWhen my dick is big as a shoe?\nThere ain't no all-access passes\nThat will help me to break through\nSo many items on my backstage rider\nBut there ain't no bravery\nI'm just the 7th top financial power, but I'm little ol' me\nHow can I be a hero\nWhen I get everything for free?\nI've screweds more girls than Wilt Chamberlains\nI can proves it with my STD's\nHow can I be a hero\nWhen we're the world's largest metal band?\nI'll never be a hero\n'Cause I'm better than everyone, but I'm just a man\nI'm afraid the answer is no\n
The Doomstar Requiem  A Klok Opera	2013	6	The Fans Are Chatting	Though Dethklok hasnt performed in a very long while.\nA big show is coming up which will be just in time\nbecause people around the world have been very concerned\nabout the lack of Toki Wartooth in the press world.\nHe hasnt been seen in public, where could he be?\nThe band released a statement:\nHes fine dont worry about Toki.\nWell hes okay and well see when they play.\nThats the Dethklok minute. Have a great day.\nHes been out of the public eye.\nWere worried well be denied.\nOne fifth of our favorite band.\nWere the power. Were the fans.\nWe want answers. Wheres Toki? Wheres Toki?\nWe want answers. Where is the man?\nWere going online were gonna get to the bottom of this.\nGoing online gunna get to the bottom of this.\nI heard a rumor from my roommate Matt\nthat he cant play guitar because he got too fat.\nI heard Tokis at a rehab place\nbecause he did so many drugs that\nhe melted his face.\nI heard hes getting plastic surgery done.\nTheyre putting in horns and cleaving his tongue.\nI heard hes gone cause his hair went away.\nTheyre putting in transplants now hes totally gay.\nYoure gay!\nYoure gay!\nYoure gay!\nYoure gay!\nYou are all wrong you dont know the whole story.\nTokis been kidnapped with the girl by some men.\nOh Dethklok could save them but they cant be bothered.\nThese cowards may never see their Toki again!\nDethklok doesnt care about their best friends.\nThey could be responsible for their death!\nIts good to be here tonight!\nLemme hear ya!\nAnd on rhythm guitar Mr Toki Wartooth!!\nBoooo!!!\nWe want Toki back!\nOh my god theyre leaving the show.\nWe dont want our fans to go!\nI think I know what I must do...\nPeople of the world I want you to know.\nToki! Were coming to save you!\n
The Doomstar Requiem  A Klok Opera	2013	7	Abigail's Lullaby	Dont be scared my little friend.\nI am here with you.\nThings have gotten so bad.\nBut I am here with you.\nWell most likely die.\nTheyll pull off our skin.\nTheyll poke out our eyes.\nTheyll play in our blood.\nBe cannibalized.\nTheyll bath us in acid.\nTheyll chew through our brains.\nTheyll chop up our guts and cut up our veins.\nBut close your eyes. Drift away.\nDream into your happy place.\nRemember the finest moments in your life.\nIts your power and your strength.\nYour happy place.\nGo there now. Now. Go. Go there now.\n
The Doomstar Requiem  A Klok Opera	2013	8	Some Time Ago...	Magnus has been kicked out of the band.\nI think the four of us understand\nthat we gotta make a record.\nGotta make it great.\nIts our very first one. It must annihilate.\nSince we fired the man we are short one artist.\nWe need to fill the void. We need a guitarist.\nBut hes gotta fit right. Gotta be the right vibe.\nHes gotta fucking rock because we are Dethklok.\nI disagrees for you sees we dont needs nobody else.\nDis shoulds be a ones guitar bands.\nYes indeeds. Aints nobodys goods as me.\nCan match my speed. And conquers me.\nLook at all these hopeful auditioners.\nOh they came from so far away.\nBut if you show them you are the best then\nYES you may have your way.\nIf you hack all them into pieces with your mighty shredding axe.\nthen we will forever from this moment on be a four piece\nand you will be the only guitarist of DETHKLOK.\nAlright.\nShred its now. Your goings down.\nTakes ones more. This ams a war!\nShred its now. Your goings down.\nGoings down. Yeah!\nI ams a wizard I am a sorcerer and\nIve proven to dis world that we dont need nobody.\nWe ams a one guitar band. Yes indeed.\nYou have been bested by the master.\nBow before your glowing guitar god.\nSomeone keeps on knocking.\nSomeones at the door.\nLet them in right now.\nAppears to be one more.\nHellos. Im sorrys.\nI got lost alongs the way.\nMy name is Toki. I am just a boy here form Norway.\nIm so sad. I missed mys auditions appointsments today.\nBut I think that you shoulds gives me a chance anyhow\nbecause I have this feeling.\nSomething tells me\nthis was meant to be.\nDo you feel this electricity?\nGives me this chance.\nAlrights. You seem so nice.\nIts a shames you must go downs this way.\n
The Doomstar Requiem  A Klok Opera	2013	9	The Duel	Oh, you did so well...\nBut you blew the last part...\nOh, you were so very close...\nBut it all fell apart...\nIt is time for you to go...\nBut befores you leaves, you must understand...\nThat nobody's ever made me plays this wells...\nTherefores...\nI want you in this band!\n
The Doomstar Requiem  A Klok Opera	2013	10	I Believe	I cants believes is this really happenings to me?\nJust yesterdays I was a kids on the streets.\nMy familys, they didnts cares about me.\nNow Ive got my owns and I can dos anything.\nYours my brothers now.\nLives togethers now.\nI has found a home.\nNevers be alone.\nWe just put our album out.\nWe just went to number one.\nWe just found our fanbase now.\nFollow us across the Earth.\nWe are making money now.\nUse it to buy everything.\nDethklok getting powerful.\nWe are known across this world.\nI believe this is my dream come true.\nAnd I never thought Id have a family\nbut that family it is you.\nNow I can see happiness is for me it true.\nThis is such a strange new crazy life.\nEverythings am better now that he ams in de band dis times.\nIve nevers been sos happys in my life.\nMy brother gives me the power to survives.\nI believe this is my dream come true.\nAnd I never thought Id have a family\nbut that family it is you.\nNow I can see happiness is for me it true.\nI believe.\n
The Doomstar Requiem  A Klok Opera	2013	11	A Traitor Amongst Them	It appears as though Dethklok is going to rescue their "bandmate"...\nAnd if they fail, we could lose everything...\nI could save them, or I could kill them, but I will do your bidding, my masters...\nSo much better now that he is under your control.\nYes... but you should know that we have a traitor amongst Dethklok,\nand when the time is right, they will be put into action... but for now, we must watch them.\n
The Doomstar Requiem  A Klok Opera	2013	12	Training / Do It All For My Brother	We are running out of time.\nYouve trained and youve been primed.\nBut before we send you out into the night.\nAccept these gifts, these munitions.\nThey will aide your dark missions.\nUse them with your power and your might.\nLaser shooting lyric pen.\nPoison dart drum stick.\nRazor wire guitar strings.\nBass pick throwing star.\nHot Topic gift card...\nthat combined with a polymer will explode.\nAs the prophecy foretold the DOOMSTAR has been born.\nAnd you all will be endowed with a power known to none.\nThe Deth lights are within you all waiting to be woken.\nAnd when the five are united the evil will be broken.\nI know that you doubt yourself\nbut you dont have to worry because we believe in you.\nOh they already see you as a leader\nand you can carry them into glory\nbut its all up to you you you.\nYou may not know you have the power\nbut its very clear to me.\nThe closer you are to your brother\nthe stronger you will be\nStop using that word brother\nits weird to me.\nHow dare you?\nYou should be ashamed of yourselves.\nThis is blasphemous what you say.\nHe is your family and he is your heart.\nBut when you say that it feels so very gay.\nYou must understand that if I had my brother alive,\nthe strength I would have.\nBut you dont youre all selfish bastards\nand you make me sick to my stomach-\nBecause I do it all for my brother.\nYes my heart still burns for you.\nOh Id wheel into battle if it meant one more moment with you\nbut its too late you know that its true.\nIll live for you and Ill die for you.\nAnd Ill love for you and Ill cry for you.\nDo it all for my brother do it all.\nEnough of this.\nWeve had as much as we can take of this brother stuff.\nWe will go forth and rescue our BANDMATE as discussed.\n
The Doomstar Requiem  A Klok Opera	2013	13	Before You Go	Before you go, I need your attention...\nMany years ago, when I took this contract\nI swore a sacred oath, to protect this new act\nNever to deceive them, or put them in harm's way\nLead them into danger, or lead them astray\nThe circumstances changed, now I'm in the middle\nOf the darkest times, this prophetic riddle\nI cannot stand by, and refuse protection\nConsider this my resignation from this whole profession!\nI was a good man for this job, but it's time for me to go...\nI cannot lead you further, oh, in my heart this truth I know...\nI bid you all farewell, consider this a vacancy...\nI wish you best of luck now, you will have been the greatest work I've ever done in my entire... life!\nGood day to you...\nGood day...\n
The Doomstar Requiem  A Klok Opera	2013	14	The Answer Is In Your Past	Offdensens gone and were on our own.\nNice way to starts our journey with no protections.\nGotta find where Tokis at.\nIm telling you all the answers in your past.\nDoes this sound to you like its a clue?\nMagnus talking about the depths of humanity.\nDoes this sound to you like its a clue?\nMagnus talking about the depths of humanity.\nOh no we dont know whoa oh.\nOh no we dont know whoa oh.\nWait a minute.\nMagnus said they'd be waiting in the depths of humanity.\nNow this may be a moment of total insanity\nBut you say the answer is in our past\nand the time I heard those words last\nwas Toki's first gig a crappy warm up venue\na death metal bar with a garbage can menu\nI believe, and pardon my profanity\nThat a clue is inside a motherfuckin' bar called the-\nDEPTHS OF HUMANITY.\nThe depths of humanity.\n
The Doomstar Requiem  A Klok Opera	2013	15	The Depths Of Humanity	Please heed my warning\nbefore you enter here.\nThis is a den of resentment and jealousy\ninside is all that you fear.\nStay close and keep your eyes open.\nThe ghosts of your past you will meet.\nThe failures of life they congregate here.\nIf they bring you down you will be beat.\nBeware.\nUh fuck you.\nOh my god, our old manager.\nOh my god, those old groupies.\nOhs my Gods, my old guitars teachers\nA douchebag nightmare!\nYou were supposed to help me cause I helped you.\nWhere is my reward?\nSorry!\nI taught you all the scales and vibrato.\nYou toss me overboard.\nOhhhh\nI slept with you all and fed you like kings\nand you treat me like a whore.\nLook at you now.\nYoure all such big shots.\nI hope you brought your cash.\nCause you owe us all for your success\nand were gonna take it back.\nWe needs to find wheres Tokis hidden.\nLets finds a clue and thens well leave this land forbidden.\nThis is bumming me out\nthis is bumming me out\nthis is bumming me out\nthis is bumming me out.\nMr Murderface,\nyoure the only one we welcome here.\nYoure not like the rest of them.\nYoure better than the best of them\nand Im your biggest fan I hope thats clear.\nOw.\nSorry.\nPlanet Piss is my favorite band.\nI consider you a king of this land.\nI hope you let me take your hand\nand offer you a beer because\nI think you know that deep down\nyou belong with us down here.\nSo nice to be appreciated.\nWe needs to finds a clue.\nIll look if you do too.\nTheres something on the wall.\nI think I know where he is.\nYou should be ashamed of yourselves\nyou should be ashamed\nJust grabs him now.\nLets get out!\nThats the worst thing Ive ever known.\nAngry broke people who think that theyre owed.\nHold ons everybodys Ive got something you should know.\nI found this flyers on the walls inside.\nI believes I knows where Toki ams imprisoned.\nOur old practice space about a miles away\nwhere Toki had his first auditions.\n
The Doomstar Requiem  A Klok Opera	2013	16	Givin' Back To You	Oh, whats that sound?\nIts the sound of angry musicians congregating.\nWell have to fight out way through.\nLooks like were not out yet.\nThese musicians aint our friends.\nObscure and broke they hate us for never helping them out.\nTheyre holding us back.\nWere under attack.\nI can fight one or two.\nBut not all of these dudes.\nWe need a plan. Theres too many of em.\nI cant take em all.\nWe gotta think like one of em.\nLooks like they got us beat.\nLooks like well meet defeat.\nWhat if we gave them no reason to hate us anymore.\nGimme the pen Im gonna write a\ncheck so they can buy some\ngroceries and pay the rent.\nTakes my strings you could probably use ems.\nTake my sticks and play the drums\nTake my pick and play the bass.\nWere gonna help you rock this place!\nThe only way to- get on through you\nis given it back. Giving to you.\nWe wont beat you. But we can help you.\nIt took some time to realize that we are just like you.\nI cant believe how good it feels to be\ngiving to you, youre giving back to me.\nOh no, we mightve beat em,\nbut these junkies, they need us to feed them.\nWe need some drugs.\nI dont have none.\nWhats we gonna do?\nOh shit were fucked!\nKu ku ku ku ku ku ku ku ku ku ku ku\ncocaine!\nKu ku Ill fend em off.\nKu ku you save yourselves.\nThe only way to get on through you\nis given it back. Giving to you.\nWe wont beat you.\nBut we can help you.\nIt took some time to realize that we are just like you.\nIt feels so good. It feels so good.\nYeah. Oh no no no no.\nIt feeeeels so good.\nSo good Im giving to you.\n
The Doomstar Requiem  A Klok Opera	2013	17	En Antris Et Stella Fatum Cruenti	Abigail and Toki\nThey might behind these walls\nIt must be you that rescues them\nBut I can help you through this door\nAt times like this\nI wonders\nShould we bes\nA one-guitar band\nI still think you're crazy fools\nA setup is at hand\nAnd I think we're in for\nthe fight of our lives\nIs it all worth it?\nOne of us could die\nHold them all together\nWhile I make my way\nThis will be an orgy of death\nThroats will meet my blade\nOh, I think this setup is a trap\nYes I'm telling you\nThere's no way to escape\nThey got us surrounded\nWe're unarmed and naked\nNo one's on their way\nTo come and save the day\nNo one's on their way\nNo one's on their way\nNo one's on their way\nTo come and save the day\nRun\nI order you\nI'll create a distraction\nSo you can break through\nDon't look back\nWhatever you do\nYou let them get away\nI do not fear you\nThen you are a fool\nAnd you will die\nAh!\nWhat have you done?\nYou've murdered him\nThis wasn't part of\nMy plan\nThis was never\nYour plan\n
The Doomstar Requiem  A Klok Opera	2013	18	The Crossroads	My god. They killed him.\nWhat should we do?\nWhat should we do?\nThis is our chance.\nWe should make a run for it now.\nBecause if that were me inside,\nnone of you would come to save me anyhow.\nYoure out of your mind.\nBecause if that were you inside,\nId use every breath and risk my life for you.\nLets do what we came here to do.\n
The Doomstar Requiem  A Klok Opera	2013	19	Morte Lumina	You took my brother from me.\nWell wed rather burn in Hell then let you take ours.\nMy god... what is this!!???\nOne of them has died its all my fault.\nI cant believe what Ive seen.\nThese men have the power of Gods.\nI tried to bring them down.\nI am not the hero. Im the villain.\nAnd I too must go down.\nArhhhhhhh!!!!!\nMen and women of the Earth\nI give to you the grand rebirth\nof our brother on guitar.\nThe blazing star. It burns so bright.\nThe darkened power. The DETHLY LIGHT.\nBring it on now. This is our time.\nWere the new regime together well fight.\n
The Doomstar Requiem  A Klok Opera	2013	20	Blazing Star	the glowing clouds the diamonds birth\nthe spiral cluster descends to earth\nthe nebulas conspire to bring\nthe signifier and the deth of a king\nIm a man with a tortured sight\nI fear this dream will end tonight\nthe water beasts continue singing\nwe try to wake but were not dreaming\nIm gonna find you\nIm running out of time\nI gotta play this part\nthis is my lot in life\nwith this power I am endowed\nthe end is coming so bring it on now\nOh the keeper wields his scythe\nOh you gotta kiss this life goodbye\nthere is another place beyond well meet in time\nand i will greet you all in the next life yeah\nthe blazing star it burns so bright\nthe darkened power the dethly light\nbring it on now this is our time\nwere the new regime together well fight\nBring it on now!\nthe blazing star it burns so bright\nthe darkened power the dethly light\nbring it on now this is our time\nwere the new regime together well fight\nBring it on now!\n
The Doomstar Requiem  A Klok Opera	2013	21	The DOOMSTAR Orchestra	
